<?xml version="1.0" encoding="UTF-8"?>

<beans xmlns="http://www.springframework.org/schema/beans" xmlns:xsi="http://www.w3.org/2001/XMLSchema-instance" xmlns:tx="http://www.springframework.org/schema/tx"
    xmlns:context="http://www.springframework.org/schema/context" xmlns:jee="http://www.springframework.org/schema/jee" xmlns:aop="http://www.springframework.org/schema/aop"
    xmlns:util="http://www.springframework.org/schema/util"
    xsi:schemaLocation="http://www.springframework.org/schema/beans http://www.springframework.org/schema/beans/spring-beans.xsd 
        http://www.springframework.org/schema/aop http://www.springframework.org/schema/aop/spring-aop.xsd 
        http://www.springframework.org/schema/context  http://www.springframework.org/schema/context/spring-context-3.2.xsd 
        http://www.springframework.org/schema/jee http://www.springframework.org/schema/jee/spring-jee.xsd
        http://www.springframework.org/schema/tx http://www.springframework.org/schema/tx/spring-tx-3.2.xsd">

    <!-- Enable Spring Annotation Configuration -->
    <context:annotation-config />

    <!-- Scan for all of Spring components such as Spring Service -->
    <context:component-scan base-package="com.pvcp.audit.poc." />

    <!-- the datasource -->
    <jee:jndi-lookup id="ds1" jndi-name="java:/dataSourceAudit" expected-type="javax.sql.DataSource" />

    <!-- Necessary to get the entity manager injected into the factory bean -->
    <bean class="org.springframework.orm.jpa.support.PersistenceAnnotationBeanPostProcessor" />

    <!-- Define EclipseLink JPA Vendor Adapter -->
    <!-- <bean id="jpaVendorAdapter" -->
    <!-- class="org.springframework.orm.jpa.vendor.EclipseLinkJpaVendorAdapter"> -->
    <!-- <property name="databasePlatform" -->
    <!-- value="org.eclipse.persistence.platform.database.MySQLPlatform" /> -->
    <!-- <property name="generateDdl" value="false" /> -->
    <!-- <property name="showSql" value="true" /> -->
    <!-- </bean> -->

    <!-- Define Hibernate JPA Vendor Adapter -->
    <bean id="jpaVendorAdapter" class="org.springframework.orm.jpa.vendor.HibernateJpaVendorAdapter">
        <property name="database" value="ORACLE" />
        <property name="showSql" value="false" />
    </bean>

    <!-- Entity Manager Factory -->
    <bean id="entityManagerFactory" class="org.springframework.orm.jpa.LocalContainerEntityManagerFactoryBean">
        <property name="jtaDataSource" ref="ds1" />
        <property name="persistenceUnitName" value="jpa-persistence"></property>
        <property name="jpaVendorAdapter" ref="jpaVendorAdapter" />
        <property name="jpaDialect">
            <bean class="org.springframework.orm.jpa.vendor.HibernateJpaDialect" />
        </property>
    </bean>

    <!-- Transaction Manager -->
    <bean id="transactionManager" class="org.springframework.transaction.jta.JtaTransactionManager" />

    <!-- Detect @Transactional -->
    <tx:annotation-driven transaction-manager="transactionManager" />

    <bean id="dozerMapper" class="org.dozer.DozerBeanMapper">
        <property name="mappingFiles">
            <list>
                <value>/dozer/dto-to-vo-mapping.xml</value>
            </list>
        </property>
    </bean>

</beans>