<configuration>

	<appender name="STDOUT" class="ch.qos.logback.core.ConsoleAppender">
		<layout class="ch.qos.logback.classic.PatternLayout">
			<Pattern>
				%d{yyyy-MM-dd HH:mm:ss} %-5level %logger{36} - %msg%n
			</Pattern>
		</layout>
	</appender>

	<appender name="FILE"
		class="ch.qos.logback.core.rolling.RollingFileAppender">
		<file>log/swiftref.log</file>
		<encoder class="ch.qos.logback.classic.encoder.PatternLayoutEncoder">
			<Pattern>
				%d{yyyy-MM-dd HH:mm:ss} %-5level %logger{36} - %msg%n
			</Pattern>
		</encoder>

		<rollingPolicy class="ch.qos.logback.core.rolling.TimeBasedRollingPolicy">
			<!-- rollover daily -->
			<fileNamePattern>$log/swiftref.%d{yyyy-MM-dd}.%i.log
			</fileNamePattern>
			<timeBasedFileNamingAndTriggeringPolicy
				class="ch.qos.logback.core.rolling.SizeAndTimeBasedFNATP">
				<maxFileSize>10KB</maxFileSize>

			</timeBasedFileNamingAndTriggeringPolicy>
		</rollingPolicy>
	</appender>

	<appender name="FILE-AUDIT"
		class="ch.qos.logback.core.rolling.RollingFileAppender">
		<file>log/swiftref-audit.log</file>
		<encoder class="ch.qos.logback.classic.encoder.PatternLayoutEncoder">
			<Pattern>
				%d{yyyy-MM-dd HH:mm:ss};%msg%n
			</Pattern>
		</encoder>

		<rollingPolicy class="ch.qos.logback.core.rolling.TimeBasedRollingPolicy">
			<!-- rollover daily -->
			<fileNamePattern>log/swiftref-audit.%d{yyyy-MM-dd}.%i.log
			</fileNamePattern>
			<timeBasedFileNamingAndTriggeringPolicy
				class="ch.qos.logback.core.rolling.SizeAndTimeBasedFNATP">
				<maxFileSize>10KB</maxFileSize>
			</timeBasedFileNamingAndTriggeringPolicy>
		</rollingPolicy>
	</appender>

	<logger name="com.transactis.swiftref" level="info" additivity="false">
		<appender-ref ref="FILE" />
		<appender-ref ref="STDOUT" />
	</logger>

	<logger name="audit-log" level="info" additivity="false">
		<appender-ref ref="FILE-AUDIT" />
		<appender-ref ref="STDOUT" />
	</logger>

	<root level="error">
		<appender-ref ref="FILE" />
		<appender-ref ref="STDOUT" />
	</root>

</configuration>
