<?xml version="1.0" encoding="UTF-8"?>
<mappings xmlns="http://dozer.sourceforge.net" xmlns:xsi="http://www.w3.org/2001/XMLSchema-instance"
    xsi:schemaLocation="http://dozer.sourceforge.net
          http://dozer.sourceforge.net/schema/beanmapping.xsd">

    <mapping>
        <class-a>com.pvcp.audit.poc.data.model.MessageResponse</class-a>
        <class-b>com.pvcp.audit.poc.service.manager.beans.MessageResponseVo</class-b>
        <field-exclude>
            <a>message</a>
            <b>message</b>
        </field-exclude>
    </mapping>

    <mapping>
        <class-a>com.pvcp.audit.poc.data.model.MessageRequest</class-a>
        <class-b>com.pvcp.audit.poc.service.manager.beans.MessageRequestVo</class-b>
        <field-exclude>
            <a>message</a>
            <b>message</b>
        </field-exclude>
    </mapping>

</mappings> 